301839031,POINT(-112.0240189 41.1623445),Village Inn
301863226,POINT(-112.0255123 41.1227621),Taco Bell
301863235,POINT(-112.0254985 41.1222757),Carl's Junior
301863237,POINT(-112.0257478 41.1218027),Subway
304909864,POINT(-112.0174803 41.1859579),Dolittle's Deli
305492041,POINT(-111.982355 41.2122272),Javier's
305492254,POINT(-111.9862941 41.1847179),Ruby River
305504469,POINT(-112.0256581 41.1684617),ABC Mandarin
305504543,POINT(-112.0250573 41.1682614),Lee's Fish and Rice
305504585,POINT(-112.0250316 41.1673245),Chinese Gourmet
306082134,POINT(-112.0614323 41.1395679),Starbuck's
306084580,POINT(-111.9740458 41.2026667),Rio De Janeiro Grill
307511965,POINT(-111.9813017 41.1913792),TGI Friday's
307512137,POINT(-111.9828982 41.1897644),Olive Garden
307512505,POINT(-111.9839772 41.1904759),Soup or Salad
307526432,POINT(-111.9860653 41.1865736),Rubio's and Rumbi Island Grill
308161002,POINT(-112.0263136 41.1598418),Papa Murphy's
308161027,POINT(-112.0257066 41.1597398),Manori Sushi
308161029,POINT(-112.0250982 41.1599879),Five Star Restaurant
308444259,POINT(-112.0069538 41.1763605),Bajio
308444271,POINT(-112.0075031 41.1763669),Starbuck's
308515784,POINT(-113.0312772 37.6742892),Rusty's Ranch House
308770133,POINT(-113.0630286 37.6775897),Pastry Pub
308873388,POINT(-112.0256522 41.1112941),Mi Rancho
309826408,POINT(-112.021826 41.3057753),Jumbo Burger
309826749,POINT(-112.0245301 41.3057299),Melina's
310632042,POINT(-112.0099829 41.2264132),Cactus Reds
310632122,POINT(-112.0073928 41.2280044),Restaurant Z
343847804,POINT(-111.980202 41.1933264),Texas Roadhouse
357705200,POINT(-111.7101113 40.3275907),Thai Drift
360138097,POINT(-111.6996068 40.3068803),Juice n Java
376003921,POINT(-111.8717727 40.7004557),E Jo
409455080,POINT(-112.528241 37.0479245),Linda Lea's
409455752,POINT(-112.5304672 37.0479502),The Rocking V
419857860,POINT(-111.8886016 40.7612378),Himalayan Kitchen
420405337,POINT(-111.4954526 40.6433392),412 Bistro
420784692,POINT(-111.5412578 40.7240071),Park City Coffee Roaster
428677844,POINT(-111.6998057 40.2728716),Sakura
428677845,POINT(-111.700561 40.272865),Golden Corral
436658939,POINT(-109.5469734 37.2869536),Twin Rocks Cafe
436766548,POINT(-109.8678921 37.151334),San Juan Inn restaurant
436766879,POINT(-109.8589485 37.1488643),Swinging Steak
445494371,POINT(-111.6441255 40.1242425),Winger's
446279540,POINT(-111.6532183 40.1227446),The Pizza Factory
450846642,POINT(-111.8115394 40.6379284),Tuscany
456318892,POINT(-111.9618768 40.6679027),Hires Big H
456910078,POINT(-111.6383853 40.1207194),El Gallo Giro
457468152,POINT(-111.6441885 40.1607045),IHOP
461819054,POINT(-111.654256 40.1082245),Barry's
466252700,POINT(-111.8999616 40.76472),Cafe Trang
470771068,POINT(-111.6857012 40.2768733),Mi Ranchito
472282417,POINT(-111.6847756 40.2767492),Chen's Noodle House
474800144,POINT(-111.8723707 40.5436339),Hagermann's Bakehouse Cafe
474826010,POINT(-111.9203546 40.7711918),El Asadero
475128733,POINT(-111.2991107 40.7119998),Oakley Polar King
475154060,POINT(-111.4981731 40.6465202),Davanza's Pizza
475204646,POINT(-111.506984 40.6578447),Starbucks
475382312,POINT(-111.4854509 40.7238318),Clockwork Cafe
475811016,POINT(-111.5479432 40.7271916),Ruby Tuesday
476907038,POINT(-110.2865114 40.3588671),Pasaro's
476907041,POINT(-110.2898416 40.3589063),The Grill
476993333,POINT(-111.9333161 41.2380186),Timbermine Restaurant
477671215,POINT(-110.4102403 40.1631217),Karen's Country Kitchen
477671301,POINT(-110.4002068 40.1636923),Cowen's Cafe
479705665,POINT(-111.9291239 41.23609),The Greenery
480668432,POINT(-111.887312 40.9210651),International House of Pancakes
485519133,POINT(-111.93973 40.771203),Denny's
485536872,POINT(-111.900116 40.725072),International House of Pancakes
485539446,POINT(-111.8540185 40.7205141),Red Lobster
485539447,POINT(-111.8542502 40.7215354),Olive Garden
499139590,POINT(-111.5054782 40.6569933),Chez Betty
506349538,POINT(-111.2999004 40.7161765),Road Island Diner
509625796,POINT(-112.0069035 41.1753387),Applebee's
509625905,POINT(-112.0031841 41.1767381),Chili's
512693084,POINT(-111.4995156 40.6616359),Einstein Bagels
512693085,POINT(-111.4995328 40.6614145),El Chubasco
512693086,POINT(-111.4988977 40.6639016),Pizza Hut
513083533,POINT(-111.8925908 40.8871842),Chuck-a-rama
533895283,POINT(-112.0268512 41.1645978),Lucky China
555793390,POINT(-112.0256984 41.1651177),Beez Cafe
577262886,POINT(-111.6543869 40.113926),Magleby's Fresh
582046378,POINT(-111.9480913 40.6996372),Ruby Tuesday
582046386,POINT(-111.9478606 40.6989458),Apple Bee's
582051172,POINT(-111.9503175 40.6990841),Cracker Barrel
582051175,POINT(-111.947012 40.6992455),IHOP
585803025,POINT(-111.9483756 40.6999992),Costa Vida
585803026,POINT(-111.9468307 40.6987506),Chilli's
638017995,POINT(-111.9703504 41.1818919),Mount Ogden Cafe
638614330,POINT(-112.0047501 41.1757014),Lucky Buffet
660255844,POINT(-112.5279942 37.0479288),Houstons Trails End
660563726,POINT(-111.9815901 41.0712369),Asian Buffet
660711624,POINT(-111.9778003 41.0723651),Lone Star Steak House
660711625,POINT(-111.9787953 41.0733154),McGrath's Fish House
660711626,POINT(-111.9782429 41.0736349),IHOP
660916066,POINT(-112.0115396 41.2442431),Jerimiah's
660916068,POINT(-112.020568 41.2453039),C&J Restaurant & Bakery
660916089,POINT(-111.9718644 41.2446384),Village Inn
660916097,POINT(-111.968458 41.2438398),Wing Wah
660916098,POINT(-111.9677414 41.2440073),Maple Xpress
660916103,POINT(-111.9694987 41.2439729),Sizzler
660916105,POINT(-111.9694826 41.2431823),Denny's
663542970,POINT(-111.9781533 41.2712966),Javier's
664668181,POINT(-111.5283565 40.641654),Snow Hut
664668183,POINT(-111.5308563 40.624519),Summit House
664696717,POINT(-111.5236301 40.6236541),Mid-Mountain
669834980,POINT(-112.0213055 41.1092599),Pizza Hut
669948458,POINT(-112.0085015 41.0973112),Manuel's El Burrito
670197347,POINT(-113.6039226 37.1270862),Pirate Pizza
670198437,POINT(-112.0252277 41.2215786),Moore's Family Restaurant
670198441,POINT(-111.9760145 41.2440594),IHOP
682784472,POINT(-113.554724 37.1133254),Chili's
682784491,POINT(-113.5535116 37.1130515),Mongolian Barbecue
682784497,POINT(-113.5534366 37.1137189),Outback Steakhouse
682784502,POINT(-113.5539139 37.1108697),Starbucks
682784529,POINT(-113.555062 37.1102196),Chuck-A-Rama
682784536,POINT(-113.5545094 37.1123157),Red Lobster
682816224,POINT(-113.5540114 37.1092026),Brick Oven
682816232,POINT(-113.5549436 37.1046743),Olive Garden
683051408,POINT(-113.5198992 37.1289046),Red Robin
683061007,POINT(-113.5864484 37.0917799),Pizza Hut
683773002,POINT(-113.5220722 37.1273053),Pollo Loco
687871915,POINT(-112.0912588 40.6973318),Subway
687891911,POINT(-112.0861905 40.6967551),El Habenero
687891912,POINT(-112.0848118 40.6961369),Pizza Hut
687891913,POINT(-112.0825427 40.6961328),Carl's Jr
687891914,POINT(-112.0830469 40.6953804),Papa Murphy's Take-and-Bake Pizza
687891919,POINT(-112.0901886 40.6961727),Arctic Circle
689771107,POINT(-111.9705371 41.2005359),Old China Buffet
689771108,POINT(-111.9713605 41.2011131),Golden Dragon
689771112,POINT(-111.9704968 41.202667),Dee's
691124392,POINT(-111.8637747 40.4084859),The Big Easy
691124631,POINT(-111.853754 40.4015661),Sparks Lounge
691165961,POINT(-112.0266495 41.1247827),Winger's
697189318,POINT(-111.8348688 40.3888176),Tepanyanki Restaurant
697207143,POINT(-111.8364374 40.3921311),Winger's
699778937,POINT(-111.9730808 41.0987627),Guadalajara's Grill
699778941,POINT(-111.974293 41.0897917),Javier's
699778946,POINT(-111.9726731 41.1017823),Ligori's
699778949,POINT(-111.972807 41.0995428),Kasbah Grill
702784305,POINT(-109.5498468 38.5725163),Eddie McStiff's
703488514,POINT(-109.9884582 40.2959313),Western Grill
703556408,POINT(-112.0255498 41.1200457),Argentine Corner
711314771,POINT(-111.9719029 41.196539),Chuck-A-Rama
711314777,POINT(-111.9715059 41.19731),Ye Lion's Den
730963653,POINT(-111.8337094 40.71295),House of Bread
734834564,POINT(-111.8619256 41.2545914),The Oaks
746023521,POINT(-111.9730425 41.0995504),China Hill
746025368,POINT(-111.9802335 41.0895122),Noodles & Company
746025371,POINT(-111.9798499 41.0895122),Rumbi Island Grill
746025373,POINT(-111.9818348 41.0902035),Cafe Rio
752700481,POINT(-111.9818294 41.0832249),Holy Smoke BBQ
752700495,POINT(-111.9787234 41.0834675),Corbin's Grille
752700523,POINT(-111.9789809 41.0833462),Rooster's Brewing
767632061,POINT(-111.9790014 41.1987419),Moore's Family Restaurant
780941242,POINT(-111.8236577 40.6697198),Visconti's House
801814641,POINT(-111.5831854 40.5979849),Alpine Rose
801826412,POINT(-111.5831425 40.6031413),Brighton Store
801826983,POINT(-111.5831425 40.6031413),Brighton Store
836056418,POINT(-111.8808597 41.252698),Grey Cliff Lodge
839608865,POINT(-111.9711265 41.2096871),Utah Noodle Parlor
839608866,POINT(-111.9711104 41.2094571),Bangkok Grill
868653950,POINT(-112.0066178 40.7724835),Roberts Restaurant
869010058,POINT(-113.529684 37.1248372),Texas Roadhouse
870064561,POINT(-113.5837346 37.1103325),Pasta Factory
870064564,POINT(-113.5837422 37.1104981),Pizza Factory
879452337,POINT(-113.5561895 37.105425),Applebee's
880049074,POINT(-113.583109 37.0874603),Denny's
880064542,POINT(-113.5553568 37.1081582),Golden Corral
880066295,POINT(-113.5558944 37.1071276),Jimmy John's
880066299,POINT(-113.5556009 37.112201),Samurai 21
883329842,POINT(-112.9984125 37.1892442),Zion Pizza & Noodle
884304933,POINT(-112.5266879 37.0444286),Grandma Tina's
889348288,POINT(-109.5508999 38.5719014),Zax Pizza
904095151,POINT(-112.9975893 37.1892645),Pioneer restaurant
907061059,POINT(-110.708754 38.3746664),Red Rock Restaurant
917068280,POINT(-109.5509225 38.5723924),Red Rock Bakery & Net Cafe
917068282,POINT(-109.5529609 38.5732815),Rio Sports Bar & Grill
917068287,POINT(-109.5500963 38.5723421),Wake & Bake Cafe
917068292,POINT(-109.5477641 38.5605798),Mi Ranchito Mexicano
917068293,POINT(-109.542554 38.567653),Milt's Stop & Eat
917068294,POINT(-109.5489913 38.5730886),Panteli's Desert Bistro
917068306,POINT(-109.405175 38.7000578),Sorrel River Grill
917068308,POINT(-109.552403 38.576645),Jeffrey's Steakhouse
917068311,POINT(-109.5510083 38.5753701),Love Muffin Cafe
917068317,POINT(-109.5510228 38.5750564),Jailhouse Cafe
917068319,POINT(-109.6741018 38.6554814),Bar M Chuckwagon
917068322,POINT(-109.4471719 38.6804604),Cowboy Grill
917068334,POINT(-109.5492311 38.5730936),Singha Thai Cuisine
917068337,POINT(-109.55054 38.5750564),Cassano's Italian Restaurant
917068346,POINT(-109.5517738 38.5819004),La Hacienda
917068349,POINT(-109.5503576 38.5784869),Eklecticafe
917068370,POINT(-109.5028932 38.529051),Branding Iron Bar & Grill
917068372,POINT(-109.5555182 38.5872092),Sunset Grill
917068387,POINT(-109.5511193 38.5738896),Miguel's Baja Grill
917068394,POINT(-109.5512181 38.5697588),Fiesta Mexicana
917068396,POINT(-109.5513554 38.5704086),Pancake Haus
937546158,POINT(-113.0061801 37.1799359),Parallel Eighty-Eight
944729504,POINT(-111.7235708 40.3448179),Los Hermanos
944729505,POINT(-111.7223477 40.3446952),Pizza Factory
944917160,POINT(-111.7817941 40.373359),Beany's
950686028,POINT(-111.8282857 40.3880375),Texas Road House
950702707,POINT(-111.8241985 40.3874328),Panda Express
950709673,POINT(-111.8210979 40.3861416),Cafe Rio
950709683,POINT(-111.8225892 40.3867627),IHOP
950743481,POINT(-111.818759 40.3852917),Chili's Bar and Grill
950844464,POINT(-111.8122104 40.3771796),Olive Garden
951072629,POINT(-111.9761405 40.361532),China Express
951162470,POINT(-111.6845122 40.2742935),Texas Roadhouse
951182163,POINT(-111.6901045 40.2738448),Noodles & Co.
951182166,POINT(-111.6898611 40.273836),Rumbi Island Grill
951182202,POINT(-111.6857292 40.2745113),Sizzler
951196079,POINT(-111.6853958 40.2723992),Outback Stake House
958983381,POINT(-111.7500147 40.3651929),Chubby's
959019660,POINT(-111.7748868 40.3709639),La Paretta
959019661,POINT(-111.7754903 40.3710744),Jim's
959058559,POINT(-111.8041577 40.3770818),Thai Village
959081359,POINT(-111.8143232 40.3771268),Rubio's
959081364,POINT(-111.8193899 40.3784467),Rodizio Grill
959137190,POINT(-111.7767043 40.3714967),Wingers
976027782,POINT(-111.6976201 40.2993068),Cafe Rio
976208625,POINT(-111.8188661 40.3784559),Pier 49 Pizza
977244963,POINT(-111.827118 40.3894997),Denny's
1030058212,POINT(-109.5708126 37.2817623),Comb Ridge Coffee
1030118460,POINT(-111.6667795 40.2638348),Zupas
1030118630,POINT(-111.6691716 40.2648834),Jimmy John's
1030120722,POINT(-111.6672909 40.2651724),Cybergate
1030120731,POINT(-111.6690753 40.2648182),Bamboo Hut
1030154429,POINT(-111.6659662 40.2655954),Docks Pizza Buffet
1030154431,POINT(-111.665121 40.2649818),Cafe Rio
1030154432,POINT(-111.6649191 40.2645039),Thai Mango
1058294011,POINT(-113.5218358 37.1249269),Pizza Hut
1058301503,POINT(-113.5233485 37.1249055),Ichiban
1074112643,POINT(-113.5324705 37.1234835),Pizza Factory
1076159583,POINT(-113.5329859 37.1231932),Costa Vida
1081524771,POINT(-113.5551541 37.1085908),Village Inn Restaurant
1083082810,POINT(-113.5556772 37.1121029),Durango's
1100855562,POINT(-111.8873539 40.4261892),Harvest Restaurant
1100855565,POINT(-111.8855142 40.4246381),Expedition Café
1103682450,POINT(-111.8143742 40.3765988),Zupas
1103682549,POINT(-111.6825704 40.2728572),Rubio's Fresh Mexican Grill
1103682748,POINT(-111.6605784 40.2560613),Magleby's
1103682813,POINT(-111.8142238 40.376596),Costa Vida
1103682846,POINT(-111.6664136 40.263095),The Pizza Factory
1103682935,POINT(-111.6771724 40.2733141),Good Wood
1120507937,POINT(-111.8476638 40.3877845),Emmett's & Ethel's
1120507948,POINT(-111.8495445 40.3880167),Porter's Place
1120507952,POINT(-111.8461333 40.3883607),Tokyo Japanise Stake House and  Sushi Bar
1120507973,POINT(-111.8509634 40.3877339),Domino's Pizza
1120507974,POINT(-111.9132561 40.3870118),Coffee Creations
1122706248,POINT(-111.780356 40.3716332),Little Caesar's
1122706250,POINT(-111.7809478 40.3717556),China Light Cafe
1122706266,POINT(-111.7807584 40.3716819),Ribb City Grill
1122706277,POINT(-111.7531095 40.3647086),Panda Express
1122706426,POINT(-111.7535009 40.3647347),Costa Vida
1122706461,POINT(-111.7847777 40.3741217),Beto's
1130578294,POINT(-113.5558884 37.1069961),The Orange Peal
1130578338,POINT(-113.5582761 37.1067385),La Frontera
1158427443,POINT(-111.5106561 40.6609202),Squatters Roadhouse Grill
1162811998,POINT(-111.9766672 41.1582519),Sarasota's
1183475941,POINT(-109.4739211 37.6262838),Patio
1183476217,POINT(-109.54503 40.45454),Taco Bell
1183476731,POINT(-109.4781133 37.6232693),Subway
1183477012,POINT(-110.7047026 38.3727718),Blondie's Burgers
1183477969,POINT(-109.5282684 40.5045177),Don Pedro's
1183478292,POINT(-111.40033 38.29938),Sandstone Inn and Restaurant
1183478749,POINT(-109.989227 40.2965157),Subway
1183479412,POINT(-109.9927406 40.2917448),Canton City
1183479613,POINT(-112.0820346 37.624127),Pizza Place
1183480022,POINT(-112.5259382 37.0410009),Pizza Hut
1201216874,POINT(-111.5086761 40.6603229),Mountain Grill
1201267201,POINT(-111.5100284 40.6150642),Empire Canyon Lodge
1203931079,POINT(-111.4956739 40.6431415),La Niche
1214409326,POINT(-112.0264587 41.1401977),Saigon Cafe
1235424748,POINT(-112.064881 41.1625403),Grounds for Coffee
1238095726,POINT(-111.939924 41.1617434),Starbucks
1252671038,POINT(-111.8904999 40.5751982),Johanna's Kitchen
1264324524,POINT(-111.8205587 40.3869626),Koi
1272829553,POINT(-113.0614295 37.6796556),Great Harvest Bread Co.
1289239388,POINT(-112.5204211 37.0432348),Escobars Mexican
1312085625,POINT(-111.9711545 41.2246947),Sonora Grill
1312085714,POINT(-111.9707844 41.2246908),Iggy's
1312098682,POINT(-111.9585452 41.220232),Ventanas
1363217924,POINT(-112.0251111 41.1614562),Japanese Wasabi
1369432880,POINT(-111.6839076 40.2709055),Wendy's
1369432884,POINT(-111.6829956 40.2710201),Subway
1399278863,POINT(-111.8718005 40.7703563),Cafe On 1st
1400581555,POINT(-111.8542261 40.7641734),Aristos
1400581561,POINT(-111.8542333 40.7640355),Indochine
1400581563,POINT(-111.854298 40.763513),Market Street Grill
1402379970,POINT(-111.8546866 40.7001505),Einstein Brother's
1409035676,POINT(-111.8656775 40.7543929),Cafe Trio
1424836120,POINT(-109.5670342 37.2812353),Cottonwood Steakhouse
1424836122,POINT(-109.5577603 37.2832131),San juan Rivercafe
1467497674,POINT(-111.5156565 40.6584258),Silverstar Cafe
1467693252,POINT(-111.8529876 40.7647806),The Pie Pizzeria
1467750080,POINT(-111.8525386 40.7645606),Big Ed
1510026539,POINT(-111.6591519 40.5691798),Mid Gad
1515558390,POINT(-111.9712612 41.2241196),Wing Nutz
1524331679,POINT(-111.8806767 40.7653588),Twilite Lounge
1569455273,POINT(-111.8528278 38.9354264),dennys
1569465616,POINT(-111.8539141 38.9369411),El Mexicano
1569798784,POINT(-111.859756 38.9573862),Moms cafe
1578557018,POINT(-111.9022315 40.7640918),Rose Establishment
1581342035,POINT(-111.8907825 40.7620734),Eva
1586380290,POINT(-111.8073157 40.7000854),Cafe Rio
1611687531,POINT(-111.8655968 40.6674915),Anna's
1611687542,POINT(-111.8886733 40.6631357),East Coast Subs
1611687603,POINT(-111.8656073 40.6669309),Natsu
1613759084,POINT(-113.5835451 37.1094002),Bear Paw
1628867353,POINT(-111.893 40.76586),Benihana
1660056251,POINT(-111.8660013 40.7257628),Este New York Style Pizzeria
1667347482,POINT(-111.8288669 40.7565996),Cafe Pierre
1667624974,POINT(-111.5001175 40.6611799),A Wok Away
1695336996,POINT(-111.8928578 40.7681868),Nordstrom's ebar
1695336998,POINT(-111.8915157 40.7679055),Texas de Brazil
1696632414,POINT(-111.7791708 40.4477614),Tangerine Tiger
1696989812,POINT(-111.911988 40.5571988),Zupas
1696997613,POINT(-111.9096437 40.5580486),Beans 'n Brew
1699086872,POINT(-111.9811086 40.5084004),Chili's
1699086990,POINT(-111.9818757 40.5081577),Winger's
1703335497,POINT(-111.9112882 40.3881203),Sean's Smokehouse BBQ & Grill
1731340466,POINT(-112.0113681 40.5075085),Iceburg
1745686917,POINT(-109.5452262 37.2861457),Cow Canyon Trading Post Restaurant
1746921197,POINT(-111.7804454 40.7620803),Ruth's Diner
1749188954,POINT(-113.0164754 38.3968789),Brody's Tacos
1761421398,POINT(-111.853497 40.593951),Mount Fuji
1761428094,POINT(-111.8543982 40.5956537),Taste of Punjab
1761428096,POINT(-111.8541192 40.5956496),Szechuan Garden
1818224140,POINT(-111.8593318 40.7386831),Whispers
1828114299,POINT(-112.2710885 40.6838119),Del Taco
1830264776,POINT(-109.5296466 40.4910874),War palace
1832055418,POINT(-111.8867626 40.7630556),Plum Alley
1832055419,POINT(-111.8760935 40.7626139),Su Casa
1832055420,POINT(-111.8872056 40.7631157),The Copper Onion
1832066741,POINT(-111.9022316 40.7639735),Pallet
1834310686,POINT(-111.8877864 40.7643402),Toasters
1834370376,POINT(-111.8913984 40.763038),Barbacoa
1834370395,POINT(-111.8914113 40.7634267),Cindy Lee Cafe
1834370400,POINT(-111.8914175 40.763469),Coffee Garden
1834370481,POINT(-111.8914029 40.7662848),Michelangelo's
1834370489,POINT(-111.8914263 40.7637395),Pier 49 Pizza
1834370516,POINT(-111.8914469 40.7675239),The Chalk Garden Coop
1834779446,POINT(-111.7942763 40.6858187),Einstein Brothers Bagels
1834779448,POINT(-111.8443925 40.6859959),Koffee House
1834779451,POINT(-111.8345913 40.7000397),La Fountain
1834779484,POINT(-111.8545245 40.6256506),Noodles Company
1834779488,POINT(-111.8221116 40.6236228),Subway
1834794972,POINT(-111.870714 40.725661),Starbucks
1838297450,POINT(-111.890787 40.7621754),The Robins Nest
1870876101,POINT(-113.5339888 37.1222065),Mad Pita express
1870886708,POINT(-113.5342087 37.1228118),Jimmy John's
1878695701,POINT(-113.5532753 37.1057439),Iggy's Sports Grill
1885944109,POINT(-111.9382938 40.5895069),Village Inn
1885952638,POINT(-111.9300246 40.5883215),Red Lantern
1885952653,POINT(-111.9355821 40.587358),Starbucks
1890680978,POINT(-112.024926 41.4757689),Madox
1899509112,POINT(-109.5510674 38.5730573),Pasta Jay's
1914939367,POINT(-111.9785988 41.0707745),Starbucks
1937255090,POINT(-111.4985906 40.6629971),Lespri
1937255106,POINT(-111.494983 40.6418787),Blue Iguana
1937258411,POINT(-111.4969303 40.6464212),Easy Street
1942378405,POINT(-113.5842843 37.1100873),Benja's
1945436937,POINT(-113.5634598 37.1101105),Sakura
1945476859,POINT(-113.5661153 37.1101961),Port of Subs
1945496693,POINT(-113.5687089 37.1100506),Menchie's
1945520032,POINT(-113.5732043 37.1100912),Cafe Rio
1945521422,POINT(-113.5739099 37.1100679),Nielsen's Frozen Custard
1956113541,POINT(-113.5834717 37.1101686),George's
1962204016,POINT(-113.5864063 37.1103641),Irmita's
1974037861,POINT(-113.5873321 37.0827565),Haven
1983025890,POINT(-111.8876784 40.7271834),Salt Lake County Cafeteria
2055571660,POINT(-112.0243851 40.7041716),Chili's
2055651227,POINT(-112.0255547 40.7085244),La Fountain
2055653491,POINT(-112.0257102 40.7088497),Thai This
2055656426,POINT(-112.0256029 40.7034493),IHOP
2104715125,POINT(-112.2961979 40.5499995),Osaka Sushi
2104857373,POINT(-111.5019151 40.6619276),Silver King Coffee
2140780670,POINT(-111.8656481 40.750147),Pago
2157846988,POINT(-111.9775892 41.2246943),Junction Café
2162876495,POINT(-111.6591823 40.5810149),Lodge Bistro
2211697127,POINT(-111.858744 40.771528),Cucina Deli
2229621592,POINT(-111.8533648 40.7501045),Java Jo's
2270170063,POINT(-113.6243017 37.1242061),Pizza Factory
2270170085,POINT(-113.6222846 37.1234533),Hungry Howie's Pizza
2274368759,POINT(-111.9059138 40.9859451),Panda Express
2274368760,POINT(-111.9060422 40.9858095),Roxberry
2281626942,POINT(-111.906127 40.9857132),Subway
2281645719,POINT(-111.9062235 40.9853204),Cafe Zupas
2281726544,POINT(-111.906769 40.982789),Settebello
2281726546,POINT(-111.9084978 40.9858541),Starbucks
2285164191,POINT(-111.9065292 40.9827333),Johnny Rockets
2285164193,POINT(-111.907234 40.9827865),ParkStone
2288201853,POINT(-111.8730497 40.7571463),Desert Edge Brew pub
2304229008,POINT(-111.9079775 40.985293),The Habit Burger Grill
2309194883,POINT(-113.6011457 37.1251263),Russo's New York Style Pizza
2309194892,POINT(-113.6011915 37.1249511),Costa Vida
2309194893,POINT(-113.6017466 37.125661),Wing Nuts
2313807280,POINT(-113.5224314 37.1254555),Freddy's Frozen Custard & Steakburgers
2316401676,POINT(-111.987237 41.1854774),Cafe Zupas
2322656197,POINT(-113.5215621 37.1261567),Dickey's Barbecue Pit
2325996294,POINT(-111.8324894 41.7572279),Buffalo Wild Wings
2325996299,POINT(-111.8331331 41.7572319),Texas Roadhouse
2326325687,POINT(-111.8508009 40.6241123),Cafe Rio
2326325688,POINT(-111.8505177 40.6252529),Panda Express
2326325689,POINT(-111.8515211 40.6256392),Chipotle
2326325690,POINT(-111.8523758 40.6254825),Paradise Bakery
2326325691,POINT(-111.8552997 40.6230737),Applebee's
2326325692,POINT(-111.8565632 40.6204129),In N Out Burger
2326325693,POINT(-111.8563781 40.621048),Starbucks
2326325694,POINT(-111.8563682 40.6211772),Einstein's
2326325695,POINT(-111.8563732 40.6211266),Quizno's
2326325696,POINT(-111.8583826 40.6211117),The Pie Pizzaria
2326325697,POINT(-111.8592379 40.6208545),Teriyaki Grill
2326325700,POINT(-111.859276 40.6207801),Jamba Juice
2326325719,POINT(-111.8615356 40.6233385),Chick Fil A
2326325724,POINT(-111.8619212 40.6225285),Chili's
2326325730,POINT(-111.8601862 40.6240361),Five Guys
2326325736,POINT(-111.8603308 40.6241276),Pei Wei
2326325741,POINT(-111.8637732 40.6235162),Wild Buffalo Wings
2326325748,POINT(-111.8639384 40.622923),Longhorns Steakhouse
2326325753,POINT(-111.8664962 40.6226252),McDonald's
2326325765,POINT(-111.8666149 40.6208317),Lonestar Steakhouse
2326325772,POINT(-111.8655436 40.6234998),Wendy's
2326325776,POINT(-111.8654128 40.622891),Weinerschnitzl
2326325779,POINT(-111.8675932 40.622408),Sonic
2326325783,POINT(-111.8684366 40.6223506),Hires
2326325786,POINT(-111.8703919 40.6216477),Arby's
2326325789,POINT(-111.8716621 40.6211408),Burger King
2326325793,POINT(-111.8707912 40.622327),Pizza Pie Cafe
2326325796,POINT(-111.8347195 40.6259272),KFC
2326325802,POINT(-111.8352429 40.6240978),Taco Bell
2326325810,POINT(-111.8338663 40.6233715),Sonic
2326325814,POINT(-111.8547045 40.6249588),Carl's Jr
2326325817,POINT(-111.8551455 40.6236419),Denny's
2326325820,POINT(-111.8626273 40.6223956),Firehouse Subs
2326348545,POINT(-111.8333699 40.6389039),Subway
2326348546,POINT(-111.8371947 40.625052),Cancun Cafe
2326348548,POINT(-111.8381174 40.6240728),Papa John's
2326348553,POINT(-111.8243335 40.6245858),La Cocina
2327589745,POINT(-111.8930078 40.7657194),Blue Iguana
2327590568,POINT(-111.8961192 40.7647992),J Wong's 
2327628342,POINT(-111.8908431 40.7615891),Maxwell's East Coast Eatery
2327628354,POINT(-111.8943917 40.7696196),JB's
2327628373,POINT(-111.8904113 40.7574222),Garden Cafe
2327628379,POINT(-111.8913795 40.761835),The Melting Pot
2327628388,POINT(-111.8908301 40.7654736),Lamb's Grill
2327628392,POINT(-111.9044258 40.7629808),Rio Grande Cafe
2327628397,POINT(-111.8707185 40.7596611),Ruby River
2327628409,POINT(-111.8851273 40.7581943),Canella's
2327642636,POINT(-111.8706488 40.7600593),Hires Big H
2327642665,POINT(-111.8756913 40.7603356),Cafe Rio
2327642680,POINT(-111.8722205 40.7603844),Chili's
2327642683,POINT(-111.8744468 40.7609776),Burger King
2327648123,POINT(-111.9032081 40.7656542),Costa Vida
2327648124,POINT(-111.9029774 40.7652012),Biaggi's Ristorante Italiano
2327648125,POINT(-111.903243 40.7659326),Applebee's
2327648126,POINT(-111.9030659 40.7659021),California Pizza Kitchen
2327648127,POINT(-111.9029962 40.7654511),La Jolla Groves
2327648128,POINT(-111.9031169 40.7659732),Tucano's Brazilian Grill
2327648129,POINT(-111.9032081 40.7656542),Costa Vida
2327648130,POINT(-111.9029774 40.7652012),Biaggi's Ristorante Italiano
2327648131,POINT(-111.903243 40.7659326),Applebee's
2327648132,POINT(-111.9030659 40.7659021),California Pizza Kitchen
2327648133,POINT(-111.9029962 40.7654511),La Jolla Groves
2327648134,POINT(-111.9031169 40.7659732),Tucano's Brazilian Grill
2327662142,POINT(-111.8892445 40.7682992),Johnny Rockets
2327662145,POINT(-111.8896093 40.7676044),The Cheesecake Factory
2327662149,POINT(-111.8887563 40.7686282),Taste of Red Iguana
2327662152,POINT(-111.9042327 40.7652256),Wing Nuts
2327662157,POINT(-111.9038733 40.7656542),Happy Sumo Sushi
2327662158,POINT(-111.9036399 40.768937),Flemming's Prime Steakhouse
2327662159,POINT(-111.903487 40.7656624),Rumbi's Island Grill
2327662162,POINT(-111.8889361 40.7686018),Mykonos
2327662163,POINT(-111.8930398 40.769132),Blue Lemon
2327662164,POINT(-111.889116 40.7687079),Kneaders
2327662165,POINT(-111.8898051 40.7690975),Farr's Fresh Cafe and Creamery
2327662168,POINT(-111.888861 40.7686445),Bocata
2327662170,POINT(-111.9036748 40.7656685),Z Teja's
2327662171,POINT(-111.9042354 40.7656481),Jason's Deli
2327662172,POINT(-111.9043775 40.7663388),Malawi's Pizza
2327670185,POINT(-111.8895855 40.7626133),Rich's
2327670190,POINT(-111.886318 40.7647713),Este Pizza
2327680508,POINT(-111.8952992 40.7640577),Christopher's Seafood and Prime Steakhouse
2327680509,POINT(-111.8971338 40.7633853),Settebello Pizzaria
2327680510,POINT(-111.9000923 40.763046),Tony Caputo's Market and Deli
2327680512,POINT(-111.8970989 40.7636291),Red Rock Brewing
2327680513,POINT(-111.9029005 40.7626113),Iggy's Sports Grill
2327680517,POINT(-111.8957069 40.7625666),Squatter's Pub
2327795767,POINT(-111.611716 40.6333266),Silver Fork Lodge
2328268825,POINT(-111.854038 40.609868),Outback Steakhouse
2328268826,POINT(-111.8580774 40.6152068),Sweet Tomatos
2328268830,POINT(-111.8576 40.6146244),IHOP
2328268832,POINT(-111.8557922 40.6121689),Iggy's Sports Grill
2328395967,POINT(-111.8886798 40.6341895),Olive Garden
2328395975,POINT(-111.8886584 40.6338069),Chuck-a-Rama
2328395979,POINT(-111.8859762 40.6351828),Red Rock Brewing
2328395989,POINT(-111.8821996 40.6322029),Red Lobster
2328395993,POINT(-111.881234 40.6322761),Red Robin
2328396014,POINT(-111.8879395 40.6353131),The Cheesecake Factory
2328396030,POINT(-111.8903857 40.6263891),Su Casa
2328396038,POINT(-111.8870276 40.6353457),California Pizza Kitchen
2328396047,POINT(-111.8887013 40.6326914),Macaroni Grill
2328421315,POINT(-111.8834407 40.7609168),Charlie Chow's Dragon Grill
2328421316,POINT(-111.8836928 40.7608802),Stoneground
2328421321,POINT(-111.8929715 40.7619193),New Yorker
2328421322,POINT(-111.9029671 40.7696562),The Depot
2328430854,POINT(-111.8718749 40.7568408),Rodizio Grill
2328430855,POINT(-111.8729907 40.7567677),Old Spaghetti Factory
2328438446,POINT(-111.8935476 40.7646557),Olive Garden
2328438447,POINT(-111.8942691 40.7631097),Macaroni Grill
2328438448,POINT(-111.8936764 40.7639244),Spencers for Steaks and Chops
2328438449,POINT(-111.8936227 40.7632174),Ruth's Chris Steakhouse
2328555470,POINT(-111.8706212 40.6207796),Kneader's
2328555474,POINT(-111.8656591 40.6181126),La Puente
2328555482,POINT(-111.8663833 40.6218342),Hoppers
2328555486,POINT(-111.8657932 40.6176891),Belgian Waffle
2328572734,POINT(-111.7909542 40.619045),Porcupine Grill
2328963023,POINT(-111.8907197 40.7615669),Boston Deli
2328963964,POINT(-111.8959339 40.7647605),Toasters
2330187915,POINT(-111.9234144 40.6092525),Archibald's
2330193163,POINT(-111.8343631 40.6400687),Spice Bistro
2330197261,POINT(-111.8350708 40.6258712),Blue Lemon
2330639050,POINT(-111.8694425 40.7603783),Chuck-a-Rama
2330639052,POINT(-111.868713 40.7609309),Pizza Hut
2330639054,POINT(-111.8648693 40.7603478),Village Inn
2330639057,POINT(-111.880174 40.7609614),Sizzler
2330697651,POINT(-111.8906449 40.7626134),Judge Cafe and Grill
2330697658,POINT(-111.8897787 40.762599),Toasters
2330703259,POINT(-111.9122287 40.7711918),Leatherby's Family Creamery
2330720185,POINT(-111.9396686 40.7722619),China Delight
2330720192,POINT(-111.9396632 40.7727291),Apollo Burger
2330720193,POINT(-111.9179695 40.7712097),Archis Burgers
2330759096,POINT(-111.8652632 40.6215159),Rumbi's
2330759105,POINT(-111.8619855 40.6218946),Melty Way
2330759129,POINT(-111.8613203 40.6220493),Dickey's Barbeque Pit
2330788869,POINT(-111.8239706 40.6242905),Beans & Brews Coffee House
2330791448,POINT(-111.7980951 40.6086647),Dragon Isle
2330803765,POINT(-111.8633552 40.5847357),Salt City Burger
2330803793,POINT(-111.8621541 40.5820652),Cafe Rio
2330811963,POINT(-111.8726837 40.582562),Tin Roof Grill
2330811976,POINT(-111.8649348 40.6228408),Bucca di Beppo
2330839401,POINT(-111.8869242 40.656668),Rumbi Island Grill
2330839406,POINT(-111.8878841 40.657498),Mimi's Cafe
2330869331,POINT(-111.8882765 40.5819802),Ruby River Steakhouse
2330869332,POINT(-111.8885662 40.5816502),Joe's Crab Shack
2330912929,POINT(-111.9859308 40.6107575),Kneaders
2330937733,POINT(-111.9772093 40.6197241),Chili's
2330937735,POINT(-111.9795804 40.6206036),IHOP
2330937736,POINT(-111.9771342 40.6191337),Joe's Crab Shack
2330937743,POINT(-111.9796501 40.6197078),Black Bear Diner
2330937749,POINT(-111.9796072 40.6191459),Iggy's Sports Grill
2330937752,POINT(-111.978883 40.6194961),Rumbi's Island Grill
2330937766,POINT(-111.979001 40.6190807),Famous Dave's
2330937768,POINT(-111.9772361 40.6204855),Johnny Carino's 
2330937781,POINT(-111.9805084 40.6124025),Noodles and Co.
2330937792,POINT(-111.9817154 40.6097881),Costa Vida
2330937793,POINT(-111.9796716 40.610008),Applebee's
2330937794,POINT(-111.9787972 40.6197363),Tepanyaki Japanese Steakhouse
2330937798,POINT(-111.9805513 40.6121378),Zupa's
2330937799,POINT(-111.9822197 40.6105496),Dickey's Barbeque Pit
2331087090,POINT(-111.495108 40.6426734),350 Brasserie
2331087091,POINT(-111.4952448 40.6423091),Eating Establishment
2331087092,POINT(-111.4960923 40.643862),O'Shucks Bar and Grill
2331087093,POINT(-111.4953279 40.6430703),Chimayo
2331087094,POINT(-111.4949551 40.6423559),Red Banjo Pizza
2331087095,POINT(-111.495167 40.6427365),Spur Bar and Grill
2331087097,POINT(-111.4962397 40.6447229),Main Street Pizza and Noodle
2331087098,POINT(-111.4958509 40.6439312),Shabu
2331087099,POINT(-111.4960508 40.644347),Silver
2331087100,POINT(-111.4957785 40.6438681),Purple Sage
2331087101,POINT(-111.4963659 40.6449793),Riverhorse Cafe
2331087103,POINT(-111.4958027 40.6438823),Bandits Grill and Bar
2331087104,POINT(-111.4964811 40.6444277),Talisker on Main
2331087105,POINT(-111.4971759 40.6457954),Bankok Thai on Main
2331087106,POINT(-111.4948073 40.6421423),Cisero's Ristorante
2331087107,POINT(-111.4967441 40.6456),Taste of Saigon
2331087108,POINT(-111.4969989 40.6454514),Wahso Asian Grill
2331087109,POINT(-111.4962854 40.6442181),501 on Main
2332260230,POINT(-111.8879344 40.6366631),Brio Tuscan Grill
2332260258,POINT(-111.8885899 40.6375213),Applebee's
2332286262,POINT(-111.8733201 40.6211548),Golden Corral
2332286309,POINT(-111.8901993 40.6215457),Hooters
2332294829,POINT(-111.8527982 40.6254677),Pizzaria Limone
2332297479,POINT(-111.8391082 40.6241729),Cucina Vanina
2332323385,POINT(-111.8531772 40.7247772),Sizzler 
2332328927,POINT(-111.852115 40.7261045),The Dodo
2332328939,POINT(-111.8116619 40.7200326),Cowboy Grub
2332662880,POINT(-111.8620501 40.7255252),Chipotle's
2332662884,POINT(-111.8616933 40.7251105),Pei Wei
2332662889,POINT(-111.8716497 40.7251593),Dee's
2332662892,POINT(-111.8605159 40.7255394),Salt Lake Pizza and Pasta
2332662900,POINT(-111.8623532 40.7252162),Paradise Bakery
2332662911,POINT(-111.8687041 40.7251768),Original Pancake House
2332662914,POINT(-111.8695147 40.7257041),Pizza Hut
2332670440,POINT(-111.8542825 40.7217718),Training Table
2332676877,POINT(-111.8904071 40.5621006),Paradise Bakery
2332676879,POINT(-111.8960129 40.5599957),Texas Roadhouse
2332676883,POINT(-111.8904822 40.5625591),Chipotle
2332676884,POINT(-111.8942855 40.5593191),TGI Fridays
2332676885,POINT(-111.8902488 40.562555),Five Guys
2332676886,POINT(-111.8904741 40.5633314),Rumbi's Island Grill
2332676887,POINT(-111.8913351 40.5592376),McGraths
2332676889,POINT(-111.8913136 40.5613813),Mimi's Cafe
2332676894,POINT(-111.8913083 40.5684477),Sweet Tomatoes
2332676895,POINT(-111.8915604 40.588518),Sizzler
2332676896,POINT(-111.8904956 40.5630318),Pei Wei Asian Diner
2332676901,POINT(-111.8912455 40.5617428),Chili's
2332676903,POINT(-111.8904392 40.5631745),Costa Vida
2332676904,POINT(-111.8955408 40.5594006),Village Inn
2332676905,POINT(-111.8912815 40.5599794),Olive Garden
2332681375,POINT(-111.8952555 40.5581544),Iggy's Sports Grill
2332682200,POINT(-111.8915399 40.5469311),Buffalo Wild Wings
2333199050,POINT(-111.9558359 40.6925463),Red Robin
2333199052,POINT(-111.9589794 40.6969634),Pizza Hut
2333199054,POINT(-111.957515 40.6962801),Olive Garden
2333199062,POINT(-111.9575793 40.6953446),TGI Fridays
2333199073,POINT(-111.9575257 40.6924406),Wingers
2333199074,POINT(-111.9576062 40.694035),NYPD Pizza
2333199077,POINT(-111.9569785 40.6941732),Zupa's
2333199078,POINT(-111.9575954 40.6949094),Sonny Bryan's Smokehouse
2333270263,POINT(-111.890287 40.766983),Martine Cafe and Tapas
2333298319,POINT(-111.8849812 40.7630773),Tavernacle Social Club
2333364756,POINT(-111.8914238 40.7636617),Keys on Main
2333368646,POINT(-111.8930828 40.7669019),Caffe Molise
2333368647,POINT(-111.8935173 40.7674342),Starbucks
2333368648,POINT(-111.8934261 40.7669141),Naked Fish Japanese Bistro
2333821058,POINT(-111.892713 40.7618717),Market Street Grill
2334077671,POINT(-111.8840901 40.7516923),Moochie's Meatballs 
2334497531,POINT(-111.9796377 41.2204944),Union Grill
2334569776,POINT(-111.9766769 41.2208959),Rovali's Ristorante Italiano
2334569779,POINT(-111.9744815 41.2205378),Roosters Brewing
2334569784,POINT(-111.9758963 41.2208878),Lucky Slice Pizza
2334569792,POINT(-111.9766876 41.2205246),Karen's Cafe
2334575685,POINT(-111.9740215 41.2208838),Great Harvest Bread Co.
2334575686,POINT(-111.9745096 41.2209039),Athenian
2334589235,POINT(-111.977779 41.2209142),Two Bit Street Cafe
2334821360,POINT(-111.8046941 40.6344715),Cafe Trio
2334821368,POINT(-111.806357 40.6319637),Cafe Zupas
2334833241,POINT(-111.8670205 40.6467872),Greek Souvlaki
2335597504,POINT(-111.8351831 40.5792481),Black Bear Diner
2335597509,POINT(-111.8353548 40.5800466),Starbucks
2335597511,POINT(-111.8380048 40.5796555),Smokey Mountain Pizza
2335635822,POINT(-111.8687644 40.5799407),Olympus Burger
2335652136,POINT(-111.9433202 40.6527498),Texas Roadhouse
2335697875,POINT(-111.9419094 40.6541742),Leatherby's Family Creamery
2335697879,POINT(-111.9414963 40.654105),Cafe Rio
2335837462,POINT(-111.9435026 40.6457127),Virg's
2335837470,POINT(-111.9415553 40.6522736),Apollo Burger
2335837479,POINT(-111.9405307 40.6481426),Golden Corral
2335837482,POINT(-111.9434328 40.6466977),The Old Spaghetti Factory
2335837493,POINT(-111.9424833 40.6541457),Teriyaki Grill
2335874851,POINT(-111.9345011 40.6525667),Iceburg Drive In
2335874865,POINT(-111.9393452 40.6511625),Starbucks
2336213597,POINT(-111.9887416 40.6530423),Domino's Pizza
2336285278,POINT(-111.8632156 40.5838071),Fratelli Ristorante
2336285305,POINT(-111.8633873 40.585176),Panda Express
2336285373,POINT(-111.8613703 40.5813871),Starbucks
2336285515,POINT(-111.8575401 40.6134636),Asian Star
2336725529,POINT(-111.8526318 40.705916),Michelangelo Ristorante
2336726045,POINT(-111.8594875 40.6873453),Marie Calendar's 
2336726048,POINT(-111.8533989 40.6874308),Dragon Diner
2336726851,POINT(-111.8369463 40.6661573),Honey Baked Ham
2336726852,POINT(-111.8240931 40.6689892),Great Harvest Bread
2336726853,POINT(-111.8396285 40.6643181),Training Table
2336726857,POINT(-111.8365815 40.6661491),Ocean City
2336728558,POINT(-111.8242395 40.7246864),Rino's Italian Ristorante
2337154724,POINT(-111.9010093 40.6203086),Denny's
2337154746,POINT(-111.853899 40.6250928),Subway
2337154749,POINT(-111.9012185 40.6209479),Midvale Mining Co.
2337154760,POINT(-111.9124463 40.6213713),Culvers
2337154764,POINT(-111.8913105 40.6197589),El Farol
2337154800,POINT(-111.8989333 40.6208705),Cafe Silvestre
2337334737,POINT(-111.8663803 40.6542216),Italian Village
2337334742,POINT(-111.9014957 40.7300426),Tepanyaki Steakhouse
2337334765,POINT(-111.8977407 40.7567166),Starbucks
2337334768,POINT(-111.8878487 40.7076278),Village Inn
2337334805,POINT(-111.8887928 40.7000271),Crown Burger
2337416610,POINT(-111.8589869 40.6233064),Sonny Bryan Smoke House
2337423531,POINT(-111.866422 40.640633),Olympus Burger
2337423532,POINT(-111.8879172 40.6566529),IHOP
2337423533,POINT(-111.8879118 40.657947),Noodles and Co
2337423534,POINT(-111.8656361 40.6500497),Pizza Hut
2337475060,POINT(-111.9384265 40.6972104),Carl's Jr
2337475065,POINT(-111.9462747 40.6970843),Greek Souvlaki
2337475066,POINT(-111.9385123 40.6980848),Sizzler
2341218700,POINT(-111.8879568 40.5279323),Wing Nutz
2341218703,POINT(-111.8888875 40.5263278),Panda Express
2341218706,POINT(-111.8856393 40.5269823),Noodles and Co
2341218709,POINT(-111.8845396 40.5270108),Costa Vida Fresh Mexican Grill
2341218715,POINT(-111.8869104 40.5263378),Guadalahonky's Mexican
2341218716,POINT(-111.8872004 40.5271087),Goodwood Barbeque
2341218717,POINT(-111.8835687 40.5270842),Astro Burger
2341218718,POINT(-111.8537854 40.5293145),Einstein Bagels
2341218724,POINT(-111.8879836 40.525814),Fazoli's
2341218725,POINT(-111.8830643 40.5263318),Teriyaki Asian Grill
2341218726,POINT(-111.8899121 40.5258711),Chuck-a-Rama
2341218728,POINT(-111.879996 40.5263339),El Rancho Grande
2341218730,POINT(-111.883102 40.5264889),Barbacoa
2341218731,POINT(-111.8557542 40.5271617),Pier 49 Pizza
2341218734,POINT(-111.88771 40.5270883),Applebee's
2341218736,POINT(-111.8821042 40.526391),Smash Burger
2341218737,POINT(-111.8836518 40.526077),Corner Bakery
2341218740,POINT(-111.8557649 40.5273778),Golden Spoon
2341218741,POINT(-111.8891664 40.5252289),La Hacienda
2341218742,POINT(-111.8897512 40.525129),Virg's
2341505155,POINT(-111.8273861 40.7406771),Costa Vida 
2341505156,POINT(-111.8262569 40.7393094),Red Butte Cafe
2341505159,POINT(-111.8246315 40.73809),Five Alls
2341505162,POINT(-111.8261898 40.7409942),Red Robin
2341505167,POINT(-111.8268523 40.7389802),Mac Cool's Public House
2341509719,POINT(-111.855574 40.6996755),La Frontera
2341509721,POINT(-111.8512234 40.7001716),Tres Hombres Mexican Grill and Cantina
2341509722,POINT(-111.8064413 40.7001045),Shivers 
2341509725,POINT(-111.8080962 40.7002143),Citris Grill
2341509727,POINT(-111.8071655 40.700072),Cafe Silvestre
2341511598,POINT(-111.8845113 40.7582645),Thai Lotus
2341520683,POINT(-111.9032288 40.7662166),Bout Time Pub and Grub
2341520689,POINT(-111.8893183 40.7677901),Brio Tuscan Grille
2341520690,POINT(-111.8692608 40.7690293),Sawadee Thai
2341520699,POINT(-111.8863679 40.765259),Bar-X
2342162966,POINT(-111.8580643 40.6252988),Famous Dave's
2342554948,POINT(-111.8357259 39.7176935),Reed's Drive In
2343330007,POINT(-111.8121935 40.6378904),Cotton Bottom Inn
2343330012,POINT(-111.8116249 40.6374019),Frank's
2345007626,POINT(-111.898216 40.769125),Copper Canyon
2345092199,POINT(-111.8459563 40.6873169),Robintino's
2345092200,POINT(-111.8453823 40.6859502),El Chihuahua
2345092201,POINT(-111.8452482 40.686597),Nielson's Frozen Custard
2345092204,POINT(-111.8412463 40.6724437),IHOP
2345092207,POINT(-111.8350397 40.6656121),Pawit's Royale Thai Cuisine
2345092209,POINT(-111.8235598 40.6683627),Gepetto's
2350019130,POINT(-111.8631214 40.5834815),Cafe Zupas
2350324246,POINT(-111.8352555 41.7317657),Bluebird
2350324285,POINT(-111.8342765 41.7444549),Angie's
2350372760,POINT(-111.8337947 41.7589547),Cafe Rio
2350372766,POINT(-111.8340254 41.7540365),Olive Garden
2350372777,POINT(-111.8348676 41.7578142),Chilis
2350372791,POINT(-111.8338162 41.7638124),Quizno's
2350372812,POINT(-111.8335157 41.7696381),Golden Corral
2350372815,POINT(-111.8349105 41.7629081),Kneaders Bakery
2350372822,POINT(-111.8347764 41.7620839),Village Inn
2350372823,POINT(-111.8348622 41.7554532),Costa Vida Fresh Mexican Grill
2352934803,POINT(-111.962995 40.6969191),Apollo Burger
2352934820,POINT(-111.968515 40.6969964),Virg's
2352934835,POINT(-111.9767601 40.696972),Big Daddy Pizza
2352934838,POINT(-111.9680161 40.7115755),Crown Burger
2352979379,POINT(-111.8733606 40.7615832),Tony Burgers
2352979382,POINT(-111.873543 40.7615507),Cafe Zupas
2352979384,POINT(-111.8714026 40.7615588),Noodles and Co
2352979386,POINT(-111.8731407 40.7615507),Jamba Juice
2352979389,POINT(-111.8715421 40.7615669),L & L Hawaiian Barbecue
2352979391,POINT(-111.8717781 40.7615466),Rubios Fresh Mexican Grill
2352979393,POINT(-111.8718908 40.7615791),Rumbi Island  Grill
2354386691,POINT(-111.5432416 40.721388),Panda Express
2354386695,POINT(-111.5424047 40.7251609),Park City Pizza Company
2354388930,POINT(-111.2804799 40.6396675),Gateway Grille
2354388952,POINT(-111.2756412 40.6433839),Uinta Drive-In
2356252380,POINT(-111.8590315 40.6234266),Cold Stone
2356252381,POINT(-111.8593319 40.6235161),Smash Burger
2357944490,POINT(-111.869703 40.6210605),La Frontera
2359021957,POINT(-111.9345363 40.7718099),Diamond Lil's
2359035658,POINT(-111.8902114 40.6108181),Moochie's
2359060375,POINT(-111.8362364 40.5799793),Costa Vida
2359060376,POINT(-111.8700805 40.6220777),Ganesh Indian Cuisine
2359060377,POINT(-111.8717542 40.6215524),Epic Casual Dining
2359060378,POINT(-111.8697801 40.6207177),Landmark Grill
2359060379,POINT(-111.7921463 40.5756482),La Caille
2359060380,POINT(-111.8705794 40.6222446),Rice King
2359084221,POINT(-111.8855409 40.5015915),Kneaders
2359084225,POINT(-111.8857447 40.5019913),Dickey's Barbeque
2359088044,POINT(-111.9098524 40.5582906),Dickey's Barbeque
2359093000,POINT(-111.9129662 40.5566402),Tsunami Restaurant and Sushi Bar
2359093003,POINT(-111.9116709 40.5585026),Gecko's Mexican Grill
2359094509,POINT(-111.9138703 40.5580176),Market Street Grill
2363245627,POINT(-111.8774044 40.7630432),The Other Place
2363303197,POINT(-111.8921497 40.7652424),Siegfried's Delicatessen
2363355473,POINT(-111.9172633 40.7653048),Chunga's
2363427502,POINT(-111.8964356 40.7544114),Legends Sports Pub
2363499105,POINT(-111.8944413 40.7620544),Gracie's
2363499158,POINT(-111.8949094 40.7640463),Inferno Cantina
2363499204,POINT(-111.8955866 40.7637954),Lumpys Sports Bar and Grill
2363668710,POINT(-113.5950945 37.1114102),Kneaders Bakery & Cafe
2363724736,POINT(-113.595698 37.1131534),Juice -n- Java
2363729445,POINT(-113.5956658 37.1130657),Jazzy's Rock n Roll Grill
2364896258,POINT(-111.8885396 40.7617152),Wasted Space Bar
2364896259,POINT(-111.8885476 40.7618818),Circle Lounge
2364896260,POINT(-111.8885423 40.7610468),Jackalope Lounge
2364898741,POINT(-111.8907229 40.7619407),Shogun Japanese Cuisine
2364898742,POINT(-111.8891565 40.7608782),Star of India
2364914330,POINT(-111.8864636 40.7647849),Cedars of Lebanon
2364914337,POINT(-111.8902294 40.7669819),O'Shucks Bar and Grill
2364923199,POINT(-111.8927159 40.7647099),The Red Door
2364923203,POINT(-111.8928634 40.7646957),The Olive Bistro
2365225500,POINT(-111.8592203 40.6234461),Which Wich
2365232144,POINT(-111.50703 40.6515347),Baja Cantina
